Number,Topic,Keyword,Suggested content destination,Status
1,Main website,college admissions in Tamil Nadu,index.html,Planning keyword; no search volume verified; expand with verified data before targeting detailed claims
2,Main website,colleges in Tamil Nadu,index.html,Planning keyword; no search volume verified; expand with verified data before targeting detailed claims
3,Main website,Tamil Nadu college admission 2026,index.html,Planning keyword; no search volume verified; expand with verified data before targeting detailed claims
4,Main website,college admission guidance Tamil Nadu,index.html,Planning keyword; no search volume verified; expand with verified data before targeting detailed claims
5,Main website,undergraduate admissions in Tamil Nadu,index.html,Planning keyword; no search volume verified; expand with verified data before targeting detailed claims
6,Main website,postgraduate admissions in Tamil Nadu,index.html,Planning keyword; no search volume verified; expand with verified data before targeting detailed claims
7,Main website,college courses in Tamil Nadu,index.html,Planning keyword; no search volume verified; expand with verified data before targeting detailed claims
8,Main website,college list in Tamil Nadu,index.html,Planning keyword; no search volume verified; expand with verified data before targeting detailed claims
9,Main website,compare colleges in Tamil Nadu,index.html,Planning keyword; no search volume verified; expand with verified data before targeting detailed claims
10,Main website,college admission eligibility Tamil Nadu,index.html,Planning keyword; no search volume verified; expand with verified data before targeting detailed claims
11,Affordable colleges,low fee colleges in Tamil Nadu,admission-guide.html#fees,Planning keyword; no search volume verified; expand with verified data before targeting detailed claims
12,Affordable colleges,affordable colleges in Tamil Nadu,admission-guide.html#fees,Planning keyword; no search volume verified; expand with verified data before targeting detailed claims
13,Affordable colleges,colleges in Tamil Nadu with fee structure,admission-guide.html#fees,Planning keyword; no search volume verified; expand with verified data before targeting detailed claims
14,Affordable colleges,low fee engineering colleges in Tamil Nadu,admission-guide.html#fees,Planning keyword; no search volume verified; expand with verified data before targeting detailed claims
15,Affordable colleges,low fee arts and science colleges in Tamil Nadu,admission-guide.html#fees,Planning keyword; no search volume verified; expand with verified data before targeting detailed claims
16,Affordable colleges,affordable BCA colleges in Tamil Nadu,admission-guide.html#fees,Planning keyword; no search volume verified; expand with verified data before targeting detailed claims
17,Affordable colleges,low fee BBA colleges in Tamil Nadu,admission-guide.html#fees,Planning keyword; no search volume verified; expand with verified data before targeting detailed claims
18,Affordable colleges,affordable MBA colleges in Tamil Nadu,admission-guide.html#fees,Planning keyword; no search volume verified; expand with verified data before targeting detailed claims
19,Affordable colleges,government college fees in Tamil Nadu,admission-guide.html#fees,Planning keyword; no search volume verified; expand with verified data before targeting detailed claims
20,Affordable colleges,college tuition and hostel fees in Tamil Nadu,admission-guide.html#fees,Planning keyword; no search volume verified; expand with verified data before targeting detailed claims
21,Comparisons,best colleges in Tamil Nadu,admission-guide.html#compare,Planning keyword; no search volume verified; expand with verified data before targeting detailed claims
22,Comparisons,top engineering colleges in Tamil Nadu,admission-guide.html#compare,Planning keyword; no search volume verified; expand with verified data before targeting detailed claims
23,Comparisons,best arts and science colleges in Tamil Nadu,admission-guide.html#compare,Planning keyword; no search volume verified; expand with verified data before targeting detailed claims
24,Comparisons,best colleges in Tamil Nadu for placements,admission-guide.html#compare,Planning keyword; no search volume verified; expand with verified data before targeting detailed claims
25,Comparisons,best colleges for BCA in Tamil Nadu,admission-guide.html#compare,Planning keyword; no search volume verified; expand with verified data before targeting detailed claims
26,Comparisons,best colleges for BCom in Tamil Nadu,admission-guide.html#compare,Planning keyword; no search volume verified; expand with verified data before targeting detailed claims
27,Comparisons,best colleges for BBA in Tamil Nadu,admission-guide.html#compare,Planning keyword; no search volume verified; expand with verified data before targeting detailed claims
28,Comparisons,best MBA colleges in Tamil Nadu,admission-guide.html#compare,Planning keyword; no search volume verified; expand with verified data before targeting detailed claims
29,Comparisons,autonomous colleges in Tamil Nadu,admission-guide.html#compare,Planning keyword; no search volume verified; expand with verified data before targeting detailed claims
30,Comparisons,government vs private colleges in Tamil Nadu,admission-guide.html#compare,Planning keyword; no search volume verified; expand with verified data before targeting detailed claims
31,Engineering,engineering admission in Tamil Nadu,engineering-districts.html,Planning keyword; no search volume verified; expand with verified data before targeting detailed claims
32,Engineering,BE admission in Tamil Nadu,engineering-districts.html,Planning keyword; no search volume verified; expand with verified data before targeting detailed claims
33,Engineering,BTech admission in Tamil Nadu,engineering-districts.html,Planning keyword; no search volume verified; expand with verified data before targeting detailed claims
34,Engineering,computer science engineering colleges in Tamil Nadu,engineering-districts.html,Planning keyword; no search volume verified; expand with verified data before targeting detailed claims
35,Engineering,artificial intelligence and data science engineering colleges in Tamil Nadu,engineering-districts.html,Planning keyword; no search volume verified; expand with verified data before targeting detailed claims
36,Engineering,information technology colleges in Tamil Nadu,engineering-districts.html,Planning keyword; no search volume verified; expand with verified data before targeting detailed claims
37,Engineering,mechanical engineering colleges in Tamil Nadu,engineering-districts.html,Planning keyword; no search volume verified; expand with verified data before targeting detailed claims
38,Engineering,civil engineering colleges in Tamil Nadu,engineering-districts.html,Planning keyword; no search volume verified; expand with verified data before targeting detailed claims
39,Engineering,electronics and communication engineering colleges in Tamil Nadu,engineering-districts.html,Planning keyword; no search volume verified; expand with verified data before targeting detailed claims
40,Engineering,electrical and electronics engineering colleges in Tamil Nadu,engineering-districts.html,Planning keyword; no search volume verified; expand with verified data before targeting detailed claims
41,Arts science commerce,arts and science college admission Tamil Nadu,admission-guide.html#courses,Planning keyword; no search volume verified; expand with verified data before targeting detailed claims
42,Arts science commerce,BCA colleges in Tamil Nadu,admission-guide.html#courses,Planning keyword; no search volume verified; expand with verified data before targeting detailed claims
43,Arts science commerce,BBA colleges in Tamil Nadu,admission-guide.html#courses,Planning keyword; no search volume verified; expand with verified data before targeting detailed claims
44,Arts science commerce,BCom colleges in Tamil Nadu,admission-guide.html#courses,Planning keyword; no search volume verified; expand with verified data before targeting detailed claims
45,Arts science commerce,BCom computer applications colleges in Tamil Nadu,admission-guide.html#courses,Planning keyword; no search volume verified; expand with verified data before targeting detailed claims
46,Arts science commerce,BSc computer science colleges in Tamil Nadu,admission-guide.html#courses,Planning keyword; no search volume verified; expand with verified data before targeting detailed claims
47,Arts science commerce,BSc artificial intelligence and data science colleges in Tamil Nadu,admission-guide.html#courses,Planning keyword; no search volume verified; expand with verified data before targeting detailed claims
48,Arts science commerce,BSc information technology colleges in Tamil Nadu,admission-guide.html#courses,Planning keyword; no search volume verified; expand with verified data before targeting detailed claims
49,Arts science commerce,BSc psychology colleges in Tamil Nadu,admission-guide.html#courses,Planning keyword; no search volume verified; expand with verified data before targeting detailed claims
50,Arts science commerce,BA English colleges in Tamil Nadu,admission-guide.html#courses,Planning keyword; no search volume verified; expand with verified data before targeting detailed claims
51,Postgraduate,MBA colleges in Tamil Nadu,admission-guide.html#pg,Planning keyword; no search volume verified; expand with verified data before targeting detailed claims
52,Postgraduate,MCA colleges in Tamil Nadu,admission-guide.html#pg,Planning keyword; no search volume verified; expand with verified data before targeting detailed claims
53,Postgraduate,MSc computer science colleges in Tamil Nadu,admission-guide.html#pg,Planning keyword; no search volume verified; expand with verified data before targeting detailed claims
54,Postgraduate,MSc data science colleges in Tamil Nadu,admission-guide.html#pg,Planning keyword; no search volume verified; expand with verified data before targeting detailed claims
55,Postgraduate,MCom colleges in Tamil Nadu,admission-guide.html#pg,Planning keyword; no search volume verified; expand with verified data before targeting detailed claims
56,Postgraduate,MA English colleges in Tamil Nadu,admission-guide.html#pg,Planning keyword; no search volume verified; expand with verified data before targeting detailed claims
57,Postgraduate,ME MTech colleges in Tamil Nadu,admission-guide.html#pg,Planning keyword; no search volume verified; expand with verified data before targeting detailed claims
58,Postgraduate,MBA colleges in Tamil Nadu with fees,admission-guide.html#pg,Planning keyword; no search volume verified; expand with verified data before targeting detailed claims
59,Postgraduate,MCA admission eligibility Tamil Nadu,admission-guide.html#pg,Planning keyword; no search volume verified; expand with verified data before targeting detailed claims
60,Postgraduate,postgraduate colleges in Coimbatore,admission-guide.html#pg,Planning keyword; no search volume verified; expand with verified data before targeting detailed claims
61,Coimbatore,colleges in Coimbatore,admission-guide.html#districts,Planning keyword; no search volume verified; expand with verified data before targeting detailed claims
62,Coimbatore,college admission in Coimbatore,admission-guide.html#districts,Planning keyword; no search volume verified; expand with verified data before targeting detailed claims
63,Coimbatore,engineering colleges in Coimbatore with fees,admission-guide.html#districts,Planning keyword; no search volume verified; expand with verified data before targeting detailed claims
64,Coimbatore,arts and science colleges in Coimbatore,admission-guide.html#districts,Planning keyword; no search volume verified; expand with verified data before targeting detailed claims
65,Coimbatore,low fee colleges in Coimbatore,admission-guide.html#districts,Planning keyword; no search volume verified; expand with verified data before targeting detailed claims
66,Coimbatore,BCA colleges in Coimbatore with fees,admission-guide.html#districts,Planning keyword; no search volume verified; expand with verified data before targeting detailed claims
67,Coimbatore,BBA colleges in Coimbatore,admission-guide.html#districts,Planning keyword; no search volume verified; expand with verified data before targeting detailed claims
68,Coimbatore,BCom colleges in Coimbatore,admission-guide.html#districts,Planning keyword; no search volume verified; expand with verified data before targeting detailed claims
69,Coimbatore,colleges in Coimbatore with hostel facilities,admission-guide.html#districts,Planning keyword; no search volume verified; expand with verified data before targeting detailed claims
70,Coimbatore,autonomous colleges in Coimbatore,admission-guide.html#districts,Planning keyword; no search volume verified; expand with verified data before targeting detailed claims
71,Tiruppur and Erode,colleges in Tiruppur,admission-guide.html#districts,Planning keyword; no search volume verified; expand with verified data before targeting detailed claims
72,Tiruppur and Erode,arts and science colleges in Tiruppur,admission-guide.html#districts,Planning keyword; no search volume verified; expand with verified data before targeting detailed claims
73,Tiruppur and Erode,low fee colleges in Tiruppur,admission-guide.html#districts,Planning keyword; no search volume verified; expand with verified data before targeting detailed claims
74,Tiruppur and Erode,BCA colleges in Tiruppur,admission-guide.html#districts,Planning keyword; no search volume verified; expand with verified data before targeting detailed claims
75,Tiruppur and Erode,BCom colleges in Tiruppur,admission-guide.html#districts,Planning keyword; no search volume verified; expand with verified data before targeting detailed claims
76,Tiruppur and Erode,colleges in Erode,admission-guide.html#districts,Planning keyword; no search volume verified; expand with verified data before targeting detailed claims
77,Tiruppur and Erode,engineering colleges in Erode,admission-guide.html#districts,Planning keyword; no search volume verified; expand with verified data before targeting detailed claims
78,Tiruppur and Erode,arts and science colleges in Erode,admission-guide.html#districts,Planning keyword; no search volume verified; expand with verified data before targeting detailed claims
79,Tiruppur and Erode,low fee colleges in Erode,admission-guide.html#districts,Planning keyword; no search volume verified; expand with verified data before targeting detailed claims
80,Tiruppur and Erode,college admission in Erode,admission-guide.html#districts,Planning keyword; no search volume verified; expand with verified data before targeting detailed claims
81,Other cities,engineering colleges in Chennai with fees,admission-guide.html#districts,Planning keyword; no search volume verified; expand with verified data before targeting detailed claims
82,Other cities,arts and science colleges in Chennai,admission-guide.html#districts,Planning keyword; no search volume verified; expand with verified data before targeting detailed claims
83,Other cities,colleges in Madurai with fees,admission-guide.html#districts,Planning keyword; no search volume verified; expand with verified data before targeting detailed claims
84,Other cities,arts and science colleges in Madurai,admission-guide.html#districts,Planning keyword; no search volume verified; expand with verified data before targeting detailed claims
85,Other cities,engineering colleges in Trichy,admission-guide.html#districts,Planning keyword; no search volume verified; expand with verified data before targeting detailed claims
86,Other cities,arts and science colleges in Trichy,admission-guide.html#districts,Planning keyword; no search volume verified; expand with verified data before targeting detailed claims
87,Other cities,engineering colleges in Salem,admission-guide.html#districts,Planning keyword; no search volume verified; expand with verified data before targeting detailed claims
88,Other cities,colleges in Namakkal,admission-guide.html#districts,Planning keyword; no search volume verified; expand with verified data before targeting detailed claims
89,Other cities,colleges in Tirunelveli,admission-guide.html#districts,Planning keyword; no search volume verified; expand with verified data before targeting detailed claims
90,Other cities,colleges in Thanjavur,admission-guide.html#districts,Planning keyword; no search volume verified; expand with verified data before targeting detailed claims
91,Admission questions,how to apply for college admission in Tamil Nadu,admission-guide.html#apply,Planning keyword; no search volume verified; expand with verified data before targeting detailed claims
92,Admission questions,documents required for college admission in Tamil Nadu,admission-guide.html#apply,Planning keyword; no search volume verified; expand with verified data before targeting detailed claims
93,Admission questions,college admission last date Tamil Nadu 2026,admission-guide.html#apply,Planning keyword; no search volume verified; expand with verified data before targeting detailed claims
94,Admission questions,courses after 12th commerce in Tamil Nadu,admission-guide.html#apply,Planning keyword; no search volume verified; expand with verified data before targeting detailed claims
95,Admission questions,courses after 12th science in Tamil Nadu,admission-guide.html#apply,Planning keyword; no search volume verified; expand with verified data before targeting detailed claims
96,Admission questions,courses after 12th arts in Tamil Nadu,admission-guide.html#apply,Planning keyword; no search volume verified; expand with verified data before targeting detailed claims
97,Admission questions,BCA admission eligibility in Tamil Nadu,admission-guide.html#apply,Planning keyword; no search volume verified; expand with verified data before targeting detailed claims
98,Admission questions,BSc computer science admission eligibility Tamil Nadu,admission-guide.html#apply,Planning keyword; no search volume verified; expand with verified data before targeting detailed claims
99,Admission questions,engineering lateral entry admission Tamil Nadu,admission-guide.html#apply,Planning keyword; no search volume verified; expand with verified data before targeting detailed claims
100,Admission questions,college admission after diploma in Tamil Nadu,admission-guide.html#apply,Planning keyword; no search volume verified; expand with verified data before targeting detailed claims
101,Scholarships hostel counselling,college scholarships in Tamil Nadu,admission-guide.html#support,Planning keyword; no search volume verified; expand with verified data before targeting detailed claims
102,Scholarships hostel counselling,scholarships for undergraduate students in Tamil Nadu,admission-guide.html#support,Planning keyword; no search volume verified; expand with verified data before targeting detailed claims
103,Scholarships hostel counselling,first graduate fee concession Tamil Nadu eligibility,admission-guide.html#support,Planning keyword; no search volume verified; expand with verified data before targeting detailed claims
104,Scholarships hostel counselling,government school student engineering reservation Tamil Nadu,admission-guide.html#support,Planning keyword; no search volume verified; expand with verified data before targeting detailed claims
105,Scholarships hostel counselling,TNEA counselling process,admission-guide.html#support,Planning keyword; no search volume verified; expand with verified data before targeting detailed claims
106,Scholarships hostel counselling,TNEA college counselling codes,admission-guide.html#support,Planning keyword; no search volume verified; expand with verified data before targeting detailed claims
107,Scholarships hostel counselling,TNEA cutoff marks for engineering colleges,admission-guide.html#support,Planning keyword; no search volume verified; expand with verified data before targeting detailed claims
108,Scholarships hostel counselling,colleges in Tamil Nadu with girls hostel,admission-guide.html#support,Planning keyword; no search volume verified; expand with verified data before targeting detailed claims
109,Scholarships hostel counselling,colleges in Tamil Nadu with boys hostel,admission-guide.html#support,Planning keyword; no search volume verified; expand with verified data before targeting detailed claims
110,Scholarships hostel counselling,college hostel fees in Coimbatore,admission-guide.html#support,Planning keyword; no search volume verified; expand with verified data before targeting detailed claims
111,Tamil,தமிழ்நாடு கல்லூரி சேர்க்கை,admission-guide.html#tamil,Planning keyword; no search volume verified; expand with verified data before targeting detailed claims
112,Tamil,தமிழ்நாடு கல்லூரிகள் பட்டியல்,admission-guide.html#tamil,Planning keyword; no search volume verified; expand with verified data before targeting detailed claims
113,Tamil,குறைந்த கட்டண கல்லூரிகள் தமிழ்நாடு,admission-guide.html#tamil,Planning keyword; no search volume verified; expand with verified data before targeting detailed claims
114,Tamil,தமிழ்நாடு அரசு கல்லூரிகள்,admission-guide.html#tamil,Planning keyword; no search volume verified; expand with verified data before targeting detailed claims
115,Tamil,தமிழ்நாடு பொறியியல் கல்லூரிகள்,admission-guide.html#tamil,Planning keyword; no search volume verified; expand with verified data before targeting detailed claims
116,Tamil,தமிழ்நாடு கலை அறிவியல் கல்லூரிகள்,admission-guide.html#tamil,Planning keyword; no search volume verified; expand with verified data before targeting detailed claims
117,Tamil,கோயம்புத்தூர் கல்லூரிகள்,admission-guide.html#tamil,Planning keyword; no search volume verified; expand with verified data before targeting detailed claims
118,Tamil,திருப்பூர் கல்லூரிகள்,admission-guide.html#tamil,Planning keyword; no search volume verified; expand with verified data before targeting detailed claims
119,Tamil,கல்லூரி சேர்க்கைக்கு தேவையான ஆவணங்கள்,admission-guide.html#tamil,Planning keyword; no search volume verified; expand with verified data before targeting detailed claims
120,Tamil,பன்னிரண்டாம் வகுப்புக்கு பிறகு என்ன படிக்கலாம்,admission-guide.html#tamil,Planning keyword; no search volume verified; expand with verified data before targeting detailed claims
